Time,Longitude,Altitude,Roll,Pitch,Heading,GroundAltitude
621.717,32.9835634,3110.017361,-0.5661578488,0.4131173218,30.53535789,5.629764995
622.717,32.9835634,3110.017355,-0.5659169779,0.413110545,30.53534765,5.629760142
623.717,32.9835634,3110.01736,-0.5659810643,0.4133017369,30.53534765,5.629763916
624.717,32.9835634,3110.017359,-0.5661681474,0.4131361049,30.53535106,5.629762232
625.717,32.9835634,3110.017369,-0.5667161634,0.4124581552,30.53542278,5.629773343
626.717,32.98356339,3110.017352,-0.5660656412,0.4134554162,30.53531691,5.629755294
627.717,32.9835634,3110.017361,-0.5660912011,0.4133000294,30.53535106,5.629765949
628.717,32.9835634,3110.017359,-0.5661613172,0.4131617448,30.53535448,5.629762692
629.717,32.9835634,3110.017363,-0.5661517656,0.4131651598,30.53535106,5.629769062
630.717,32.9835634,3110.017354,-0.5659869873,0.4128167935,30.53535789,5.62975736
631.717,32.9835634,3110.017361,-0.5658393378,0.4133307919,30.53535448,5.629763427
632.717,32.98356339,3110.017361,-0.5662995218,0.4130302102,30.53534082,5.629763716
633.717,32.9835634,3110.017365,-0.5660732184,0.4132334351,30.53534765,5.629768155
634.717,32.98356339,3110.017354,-0.5661569416,0.4132881033,30.53532374,5.629757495
635.717,32.9835634,3110.017357,-0.5660460578,0.4133700388,30.53534082,5.629760552
636.717,32.98356339,3110.017361,-0.5662815926,0.4131941882,30.53535448,5.629765838
637.717,32.9835634,3110.017363,-0.5662236427,0.4132061143,30.53534082,5.629768625
638.717,32.98356339,3110.01736,-0.566360033,0.4124155199,30.53529301,5.629763441
639.717,32.9835634,3110.017359,-0.5660954699,0.4131497919,30.5353374,5.629763618
640.717,32.98356339,3110.017361,-0.5662969071,0.4131976032,30.53532374,5.6297658
641.717,32.98356339,3110.017816,-0.5782746577,0.412213976,30.54811327,5.630244532
642.717,32.98356339,3110.018357,-0.5776748817,0.4080235749,30.53926476,5.630774427
643.717,32.98356352,3110.144535,-0.6848217668,0.2932588678,30.07070695,5.756593009
644.717,32.98356386,3110.503105,-2.295883352,0.2428600491,26.64347512,6.11451553
645.717,32.98355486,3114.343826,-2.249901238,1.680488004,30.59066193,9.982998167
646.717,32.98354105,3119.333913,-3.756685152,3.92315778,27.67833757,15.01516668
647.717,32.98352272,3124.325334,1.005022422,2.909286634,16.51474171,20.06033359
648.717,32.98349971,3129.673668,3.483752927,-2.476238126,10.0440476,25.48021204
649.717,32.98347696,3135.429163,-0.9402628376,-3.665862419,6.937678845,31.29825442
650.717,32.98345558,3143.463579,-1.595854063,0.01063289699,351.832142,39.40975945
651.717,32.9834186,3155.85057,1.2638248,1.63563063,350.0324691,51.91480075
652.717,32.98337438,3172.760763,-0.720290032,-7.237662034,349.9279399,68.97714267
653.717,32.98332186,3190.476784,-1.733741281,-13.82467256,343.766836,86.88416554
654.817,32.98325577,3206.663904,0.1574604997,-11.50197794,332.3118438,103.2923442
655.717,32.98316157,3222.848241,-3.053611732,-2.47797086,335.0255053,119.7768297
656.717,32.9830526,3241.032947,-0.7000895874,-2.577920646,337.4613966,138.2954609
657.717,32.98293368,3260.795278,-0.1822502978,-7.787809866,333.6479108,158.439409
658.717,32.98279776,3280.095322,-1.487160353,-8.733795335,332.9803281,178.1890084
659.717,32.98264671,3298.685651,-0.4335030353,-6.478581704,325.0341406,197.2791608
660.717,32.98247539,3318.377076,-0.6101909578,-5.103199317,320.5692187,217.5477984
661.717,32.98228226,3338.768851,-1.758086744,-6.773166055,323.6881562,238.615918
662.717,32.98207027,3358.402101,-3.063555847,-7.884985529,321.4354506,258.9826576
663.717,32.98183645,3376.123419,0.68779466,-8.98470148,316.1554958,277.5196086
664.717,32.9815779,3392.802647,-2.94068608,-3.489585055,317.5122172,295.1271742
665.717,32.9812979,3410.628611,-4.170188219,-2.22099972,321.5763984,313.9674562
666.717,32.98100237,3428.930405,-0.8169601006,-5.675302365,318.1923401,329.5750966
667.717,32.98068823,3445.733844,1.547812326,-5.828577787,316.575088,344.9785831
668.717,32.98035727,3461.045017,1.35837799,-5.725886746,317.5359043,359.9361314
669.717,32.98001071,3474.723782,0.1597130748,-7.312200742,317.9130947,376.1037146
670.717,32.97964614,3486.675446,1.103107567,-6.380043845,317.0301698,391.7429911
671.717,32.97926483,3498.351869,3.233347947,-4.424323764,316.3345014,407.8217783
672.717,32.97887251,3510.828339,2.80212246,-2.745570841,317.666962,423.0969797
673.717,32.97847384,3523.374261,2.185020844,-4.115102317,318.693075,437.0644366
674.717,32.97806791,3534.925472,0.7363859064,-3.823243638,318.7624151,450.9940906
675.717,32.97765264,3545.159683,0.141477617,-3.211515034,319.2264308,463.3393943
676.717,32.97722863,3554.864454,-0.4520214924,-2.714051226,318.8647586,475.196585
677.717,32.97679511,3563.93101,-1.328195384,-3.190304735,319.0458679,485.7576589
678.717,32.97635125,3571.253307,-1.473800183,-3.659179079,318.6883212,495.0671029
679.717,32.97589735,3577.186911,2.785213259,-3.402550943,318.4399208,502.0778452
680.717,32.9754384,3583.233031,4.643625343,-2.546649692,318.3780666,508.9967178
681.717,32.97497751,3590.552499,3.463839297,-1.8425304,319.8021065,517.6553269
682.717,32.97451534,3597.941311,0.7504536415,-2.879193674,320.0918977,526.3698579
683.717,32.97404758,3604.377668,0.2775150683,-2.147099207,320.2068361,534.1480893
684.717,32.97357366,3611.18385,2.751938712,-2.248009276,319.8921283,542.3156909
685.717,32.973096,3619.625095,2.912898096,-0.7218590545,320.5177464,552.1194328
686.717,32.97261682,3628.811626,1.718743787,-1.742513379,321.1034214,562.6604739
687.717,32.97213866,3638.179417,-0.4416988888,-0.5944334445,321.3561657,573.3782257
688.717,32.97164859,3649.245876,1.182330185,0.8982340156,321.5967796,585.8343683
689.717,32.9711616,3661.017949,2.056864724,-1.481918183,321.7018279,598.9675889
690.717,32.9706728,3671.750088,0.903435845,-1.108735216,322.4918896,611.0765691
691.717,32.97018157,3680.126053,1.762063515,-2.921389942,322.6672888,620.809308
692.717,32.96968657,3684.99745,1.63831372,-4.121373284,323.1802361,627.0532378
693.717,32.96918723,3686.021415,1.852771202,-4.202922328,323.4198391,629.4624695
694.717,32.96868363,3684.679772,1.07611562,-3.943768302,323.7616764,629.3016616
695.717,32.96817599,3682.53744,-0.4926550348,-3.108533283,322.5384988,627.0518316
696.717,32.96766093,3679.968692,-1.59812937,-3.327530493,322.8795165,614.7320436
697.717,32.96713808,3676.507658,0.1024855678,-2.999471171,321.8387869,599.6622361
698.717,32.9666095,3674.866479,3.339020578,-0.6826714311,321.8932918,594.8253122
699.717,32.96608124,3676.448833,1.28293631,-1.726709708,322.9292129,598.9731809
700.717,32.96555133,3677.879403,-0.5424145104,-2.381871165,322.8366502,597.2968813
701.717,32.9650167,3679.116972,0.7429520661,-1.033197273,322.9811497,595.3872101
702.717,32.96447999,3681.3011,0.9875376718,-1.454465732,323.0749145,594.4161096
703.717,32.96394169,3683.767214,0.9981178483,-1.466741823,323.4491269,593.718948
704.717,32.96340155,3685.206824,-0.3472636261,-2.205379077,323.7171162,591.9547073
705.717,32.96285845,3685.156318,1.368000019,-1.967117106,323.5578909,588.6949181
706.717,32.96231356,3684.706502,1.084236075,-1.611168734,323.5446403,585.0275967
707.717,32.96176669,3684.12054,-0.7887651864,-1.518089691,323.915219,581.198532
708.717,32.96121626,3683.438736,-1.820145309,-1.408572944,323.78856,577.2528904
709.717,32.96066059,3682.368055,-2.506232475,-1.406904136,323.6859979,572.8747123
710.717,32.96009909,3681.017154,-1.621309644,-1.287020016,323.4765023,568.1781418
711.717,32.9595331,3679.789404,-0.5594930782,-1.016930003,323.2595209,563.6017998
712.717,32.95896441,3679.546682,0.03924822798,-0.5735935235,323.4905998,559.9666167
713.717,32.9583948,3679.847387,0.2604283362,-1.126469696,323.6386783,556.8720701
714.717,32.95782426,3679.784587,0.06394649885,-0.9613736717,323.7657472,551.9217127
715.717,32.95725278,3679.977712,-0.6753366617,-0.1201516453,323.8104986,547.1233182
716.717,32.95668392,3677.121676,-0.4423177412,-1.5706671,324.5683217,539.2007786
717.717,32.95611897,3667.734049,-1.040514327,-3.808208684,324.5169041,524.6764392
718.717,32.95555521,3655.972353,-0.00119016015,-0.3861357001,324.4031404,507.7032288
719.717,32.95499505,3646.460471,-0.6944857374,-0.9117628061,324.6810745,492.9435219
720.717,32.95443786,3637.353587,-3.430639882,-2.032440181,325.0823891,478.4803297
721.717,32.95388045,3626.078746,-1.843322275,-1.480854168,324.4261445,466.5670652
722.717,32.95332381,3617.562413,0.9092113035,1.137495756,324.9160603,461.6150536
723.717,32.95277414,3613.352835,-0.8456755499,0.2436848212,325.0417085,460.9433059
724.717,32.95223,3611.516079,0.7725587483,1.269141035,325.3201616,463.8193269
725.717,32.95169298,3611.428573,0.4480883706,0.8894373189,325.6847025,468.3204505
726.717,32.95116296,3612.107835,0.05467800218,0.8275248557,325.959522,473.4109221
727.717,32.95063836,3612.165071,-1.19925518,0.1921609156,326.1666133,477.889684
728.717,32.9501176,3611.901513,-0.5888330096,1.071107811,326.0511558,481.870504
729.717,32.94960112,3612.852675,-0.8275032446,1.422678138,326.2835462,487.1467126
730.717,32.94908952,3614.782871,-0.6344155043,0.8254158214,326.4139755,492.6119155
731.717,32.94858223,3616.828686,-0.9312555256,1.439338784,326.1633075,486.2399768
732.717,32.94807863,3620.216626,-1.606042571,2.237554604,326.4753925,480.8991149
733.717,32.94757856,3624.356038,-3.044899826,0.8838375243,326.3595252,477.0441354
734.717,32.9470794,3627.785722,-3.408851152,1.254401167,324.9077548,472.6951057
735.717,32.94657863,3630.5241,-1.650721293,0.8526542956,325.1175236,467.7386915
736.717,32.94607917,3631.062269,0.7857482705,-1.244291846,324.4208443,460.6343095
737.717,32.94558268,3630.0388,2.760534292,0.2777370494,320.7388806,451.9266974
738.717,32.94508608,3629.487467,2.481977833,0.3455072269,322.3558322,443.7278875
739.717,32.94459291,3630.62109,-1.321831356,1.212650462,321.4783988,437.2269205
740.717,32.94409752,3632.578705,-2.864867779,0.3470303591,321.2952131,431.6344243
741.717,32.94359742,3634.897076,-2.794419073,1.01714206,320.0546868,426.4790699
742.717,32.9430932,3638.838051,1.025074791,2.514709593,319.4255718,423.0382116
743.717,32.94259084,3645.724245,1.691755362,2.424615983,319.6510227,422.6341259
744.717,32.94209256,3654.463229,0.3285815379,2.484084519,319.2733405,428.1991911
745.717,32.94159644,3664.302827,0.3431684741,2.949396279,318.9846421,431.5263053
746.717,32.94110227,3674.735871,0.1919228996,2.237510208,318.7715402,431.5051617
747.717,32.94060912,3684.905008,-0.2249990511,1.854966254,318.3376319,431.473308
748.717,32.9401135,3693.030403,-0.8336719726,0.1847774144,317.9616983,429.3956576
749.717,32.93961242,3698.866449,-0.8227433498,0.8573914587,317.3196879,423.4016431
750.717,32.93910696,3704.215091,0.711479088,1.49958895,317.1237707,416.4978695
751.717,32.93860008,3710.483238,1.957007999,1.676065243,316.6642356,411.8369957
752.717,32.93809294,3718.026643,0.4912630102,2.348267061,316.6637985,410.4600187
753.717,32.93758521,3727.055693,-0.7178141418,2.643274671,316.3439544,419.5651627
754.717,32.93707575,3737.115362,-0.476078806,2.277974596,315.7605196,429.9202536
755.717,32.93656347,3747.175124,-1.50920052,2.003007189,315.4052405,440.4164536
756.717,32.93604707,3756.745429,-1.951755157,1.649715227,315.1177442,445.7839666
757.717,32.93552539,3764.823843,-1.964937208,0.3936491216,315.0632939,449.0234927
758.717,32.93499874,3771.244108,2.250914881,0.8763183932,313.9831678,450.428288
759.717,32.93447075,3777.492865,4.991462972,1.25120229,314.9278376,449.4559529
760.717,32.93394525,3784.128124,0.5692834074,0.8758231511,317.7338432,448.92853
761.717,32.93342184,3790.491192,0.3218201309,0.898708607,318.4912019,448.0300651
762.717,32.93289876,3795.422147,1.397802909,-0.8429354167,319.1427473,445.6974897
763.717,32.93237593,3797.399051,3.33716789,-2.175218883,319.3289383,442.4503828
764.717,32.9318548,3796.427148,7.320384163,-1.742962784,319.7852769,425.139844
765.717,32.93134156,3796.01997,8.736866359,0.7159368536,321.2769629,405.7685107
766.717,32.93084309,3799.98044,5.944279911,2.770256639,322.723433,390.8527857
767.717,32.93035963,3809.69405,3.5613522,4.659827406,323.5039597,381.9114345
768.717,32.92989005,3826.26977,2.190171874,7.752341548,323.950818,380.1875725
769.717,32.92943485,3849.531655,2.049109898,7.77182637,324.5474487,385.64421
770.717,32.92899166,3875.209477,1.834986456,4.793658986,325.1981198,385.0341616
771.717,32.92855498,3896.746486,3.836407974,0.7181124823,325.5653108,347.204816
772.717,32.92812355,3911.466802,9.606737053,-0.924866524,325.9213002,308.1575426
773.717,32.92770101,3919.853132,11.65267838,-2.986890176,329.0022893,274.8932699
774.717,32.92729302,3923.979053,9.011381053,-2.353858638,331.2792558,242.4229944
775.717,32.92689831,3925.366165,6.518854207,-2.418615449,331.8944646,223.4053518
776.717,32.92651224,3925.484793,4.757693771,-1.965451394,333.6096617,209.8687538
777.717,32.92613389,3923.933094,5.680644,-3.918594786,334.299019,206.7434003
778.717,32.92576316,3920.409482,7.391745125,-2.673590893,335.0664045,211.337424
779.717,32.92540433,3918.046689,9.568003904,-0.8036101223,337.099342,219.3683713
780.717,32.92506297,3917.683227,6.005252582,-2.135669953,338.1855606,242.7775019
781.717,32.92473122,3917.14497,-1.185091929,-0.7985159751,339.3576484,273.8983578
782.717,32.92439907,3917.105302,-7.300115576,0.5032701626,338.1457543,307.6734313
783.717,32.92405455,3916.838867,-15.90309144,-0.7997368714,335.1200351,341.7638143
784.717,32.92368255,3914.262754,-23.09802125,-2.378575599,327.6148593,348.6394716
785.717,32.92326709,3907.95304,-22.25585039,-2.712678571,325.6722169,346.1451835
786.717,32.92280894,3900.529172,-24.17200874,-1.474259086,319.2661005,331.8280675
787.717,32.92230351,3895.063022,-23.87055322,0.7506831999,314.7674647,320.1641726
788.717,32.92175584,3893.364849,-25.58503315,0.7028150464,310.0743051,305.1385431
789.717,32.92116971,3893.672831,-22.49532195,0.3720156713,305.5832372,289.5181131
790.717,32.92055267,3893.969554,-12.48621503,-0.5339987035,302.8408343,287.9184664
791.717,32.91991715,3895.408244,-3.400261762,1.669814659,303.716082,305.6448321
792.717,32.91927747,3900.794731,-0.9550283192,3.196924896,304.9002183,314.6988664
793.717,32.91864038,3910.450911,-4.252081761,3.311082757,305.3544259,325.3977691
794.717,32.9180031,3920.194501,-1.966908785,0.7130746842,304.6558341,336.3840429
795.717,32.91736494,3928.946409,7.117682931,1.967689561,304.6899577,346.3765905
796.717,32.91673738,3940.022165,17.2565549,3.081960859,307.9550614,358.553562
797.717,32.91614132,3956.536274,25.04743067,4.969754923,312.6183594,376.0292804
798.717,32.9155965,3979.626833,29.40538164,5.626429801,320.5748194,389.8934638
799.717,32.91512025,4007.406695,34.17741966,5.810955899,325.2362869,399.7204667
800.717,32.91471627,4036.668827,33.34672523,5.303277329,331.1804366,401.9210518
801.717,32.91437758,4063.714848,28.17789932,2.805777678,335.0907472,400.0672409
802.717,32.91408457,4085.16338,17.78497078,-0.1123652296,338.8107142,396.5231702
803.717,32.91381651,4098.031644,6.522451582,-2.437936346,339.3237706,405.7378512
804.717,32.91355432,4104.300409,-3.957765921,-0.5277744268,339.9971727,407.7238278
805.717,32.91328479,4107.543055,-7.143155268,-0.756139187,339.0402085,404.6016829
806.717,32.91300211,4109.194639,-3.699318393,-1.747634633,335.8765742,398.7673853
807.717,32.91270488,4110.184166,-0.3181180883,-0.6422391125,339.6575757,408.9193822
808.717,32.91240798,4112.864063,-0.4430357382,0.8537010221,336.5846462,424.4802287
809.717,32.91210586,4116.529066,-1.177320027,-0.6368940626,338.6750939,441.1609817
810.717,32.91180235,4119.725234,-1.21059799,-0.7213997777,336.7239821,446.2363246
811.717,32.91149331,4122.196918,-2.390358102,-0.1191920037,336.1131719,445.7863044
812.717,32.91117882,4125.257011,-2.890100419,0.2660761023,331.3564643,442.5077455
813.717,32.91085029,4129.015927,-3.562672561,-0.1823390236,333.7111856,441.2284747
814.717,32.91051227,4131.56836,-5.062817531,-1.319560531,334.8685475,443.2464211
815.717,32.9101646,4132.138224,-5.296663572,-0.8685976647,333.1879931,445.9560371
816.717,32.90980554,4132.324192,-2.437099008,0.04934300078,332.1060365,449.4637072
817.717,32.90944073,4133.945944,1.393261581,0.3568779978,328.8004162,454.6254366
818.717,32.90907158,4138.808744,1.403005806,2.99656087,330.0889997,463.3832565
819.717,32.90870229,4147.7703,-2.85641478,3.075264499,333.91743,476.2375722
820.717,32.9083334,4159.64887,-5.458897213,4.214474312,332.097813,510.4106071
821.717,32.90795805,4173.588278,-3.936446766,4.366515177,331.2896377,539.0883145
822.717,32.90757929,4189.112778,-0.550995309,3.826899924,330.4416287,546.6066611
823.717,32.90720153,4205.620143,1.398400871,4.473476793,329.8499431,542.3493412
824.717,32.90682807,4222.903526,2.689322526,3.932641497,330.2886052,539.6455658
825.717,32.90646063,4239.779589,2.035157743,2.651337923,330.7312014,537.1679476
826.717,32.906096,4254.460387,-3.648518007,1.715989833,330.0444122,532.6310659
827.717,32.90572674,4264.769888,0.05524809286,-1.256052685,330.4161385,523.7023976
828.717,32.90535763,4270.956053,7.09702417,0.311686985,325.0650951,510.5110317
829.717,32.90499068,4279.392385,7.413862132,4.744478209,327.6163346,499.4304451
830.717,32.90463214,4290.973603,0.06526527897,-0.4430463303,333.0479469,491.5491792
831.717,32.90427589,4296.239304,-0.1232404382,-6.837935031,331.8594121,475.7796606
832.717,32.90391334,4290.999096,5.456718383,-7.019754667,331.1305216,459.7408012
833.717,32.90355002,4280.010957,8.18909714,-4.644985831,327.3391929,471.154406
834.717,32.90318431,4270.024051,3.9696052,-2.756548876,330.0876064,483.8093409
835.717,32.90281908,4264.453403,0.6654041793,-0.124285644,329.3803539,499.5069527
836.717,32.902449,4264.842005,0.5459083656,0.8997983424,329.8623467,521.7517219
837.717,32.90207565,4268.721155,1.309593471,-0.4849987663,329.4216902,546.2442937
838.717,32.90169871,4273.897316,2.475809959,0.2746531923,328.9789027,571.2143779
839.717,32.90131866,4279.366755,1.130947312,-0.595647564,329.6992418,596.5277798
840.717,32.9009352,4284.372507,0.1987484863,-0.4057456267,328.8569975,610.1115423
841.717,32.90054566,4289.733497,0.4873241255,0.724080787,328.7039466,607.2909374
842.717,32.90015191,4296.841337,1.098293992,1.061618971,328.4659555,606.218185
843.717,32.8997552,4304.705831,2.155650604,0.1325877389,328.4368589,605.8996265
844.717,32.89935785,4313.352224,6.000244773,1.456247237,328.2164624,606.1029025
845.717,32.89896379,4322.979204,3.854783317,0.6923265438,329.2595689,604.5535142
846.717,32.89857386,4333.454318,5.696495162,2.049709034,328.784215,603.6393337
847.717,32.89818823,4345.333202,5.630787461,1.821667374,329.9118519,604.0617615
848.717,32.89780854,4357.702539,3.853137241,1.255050248,330.210659,604.802452
849.717,32.89743178,4370.406759,3.994068377,2.302601697,330.1774643,605.9490964
850.717,32.89705731,4383.322795,3.742996599,0.9322218907,330.8593358,609.5745575
851.717,32.89668452,4394.617764,3.470341851,-0.1483125953,330.811142,611.5319936
852.717,32.89631144,4403.753361,3.36470273,0.1808261233,330.893514,611.3462326
853.717,32.89593817,4412.286788,3.632045726,0.6704427245,331.5484199,610.5985214
854.717,32.89556734,4421.361814,3.878035415,1.064213269,330.367207,610.2097621
855.717,32.89519702,4431.340646,3.235929332,1.435369163,330.4806701,593.8886266
856.717,32.89482739,4442.952869,3.194401141,2.62957075,330.80953,572.876725
857.717,32.89445949,4455.850494,4.491767613,1.157503728,331.7014981,553.2235614
858.717,32.89409214,4465.766178,2.742296619,-2.794798789,334.7789081,530.5109055
859.717,32.89372597,4469.772595,0.6697924691,-2.021597043,334.0228062,504.9495081
860.717,32.89335855,4472.484013,5.378012405,0.5081898198,331.6808982,482.5978306
861.717,32.8929915,4478.15669,1.752859194,0.8905064036,332.2293898,460.8422022
862.717,32.89262484,4486.259762,3.612105415,1.661848951,331.8832631,441.5729364
863.717,32.89226209,4498.030869,7.808031495,4.152746478,330.8133276,425.9827916
864.717,32.89190819,4514.451786,4.881765438,3.988990558,332.9385546,415.3140666
865.717,32.89156223,4533.111361,2.504294622,3.691829518,332.3912106,415.2666484
866.717,32.89121866,4553.801568,2.900110061,5.102841159,332.2096915,420.7463859
867.717,32.89087631,4575.361658,-0.6536786655,3.374616109,332.7783457,429.3912821
868.717,32.89053097,4596.385471,-0.01693786029,4.157102858,332.4671623,446.4649809
869.717,32.8901835,4616.847729,3.754446984,3.641435528,332.1947197,469.8653375
870.717,32.88984058,4637.656582,8.019716987,4.814872273,331.6683853,488.6870081
871.717,32.88950697,4659.117333,7.552737807,4.182071895,333.084748,484.0281203
872.717,32.88918439,4680.515853,6.374481937,4.137376844,333.2350395,479.4513059
873.717,32.88887014,4702.564081,5.83889991,5.133605612,333.9529197,475.5956148
874.717,32.88856315,4724.321817,4.880971002,2.757229547,334.6943504,474.7448545
875.717,32.88826061,4744.178916,3.109102537,3.101833508,334.1939434,475.6499496
876.717,32.8879589,4763.28364,3.41180158,3.824620775,334.7132564,475.7409557
877.717,32.88765984,4782.402421,4.125810346,2.930065563,334.5094981,451.9187494
878.717,32.88736295,4800.335157,4.586667542,2.005647057,334.7385281,422.8555716
879.717,32.88706964,4816.741825,8.290707303,2.281317334,334.2059645,404.4228747
880.717,32.88678322,4832.850745,6.62798825,3.071143761,334.3472402,383.7188604
881.717,32.88650093,4847.947033,2.719415485,0.5434829014,336.5109621,343.9482528
882.717,32.8862198,4861.737031,3.457912827,2.176943079,334.7372713,283.8417914
883.717,32.88593983,4878.04039,7.04775887,5.894600957,334.646785,250.5609103
884.717,32.88566729,4899.161563,1.834785819,5.025306132,336.1435799,231.8095619
885.717,32.88539832,4920.652868,7.288569995,1.485777027,335.9706395,221.4747718
886.717,32.88513691,4938.917218,18.85499504,2.166581041,335.1149534,239.2788505
887.717,32.88490185,4955.904473,31.73204119,5.191401392,338.6073111,267.7621721
888.717,32.88471776,4973.393774,26.81406934,5.169722798,343.6471438,299.1011658
889.717,32.88457657,4988.995352,17.2930042,-0.13948627,347.2895471,330.3655922
890.717,32.88445798,4998.860585,9.918629958,-2.965128553,349.2377902,343.9382011
891.717,32.88434996,5002.633873,10.85671461,-2.842136483,350.2060925,330.5054761
892.717,32.88425555,5004.025744,16.32610214,-0.4338679968,350.4167082,314.9507007
893.717,32.88418368,5006.502057,19.49375775,0.2780785856,353.5987567,285.6996707
894.717,32.88414137,5010.594408,10.32303265,0.2681917534,355.8241963,248.4069591
895.717,32.88411175,5015.23775,-3.903915429,-1.173172075,356.620569,212.1905428
896.717,32.8840674,5018.901834,-17.81977401,-1.507936615,354.9640569,182.4852933
897.717,32.88398346,5021.346173,-22.27405114,-0.9534803209,351.3593836,192.1869506
898.717,32.88384846,5023.266154,-19.40779299,-0.7031189898,345.6508754,195.8290413
899.717,32.88366159,5025.860475,-18.14124369,-0.2929327262,342.6367676,190.757845
900.717,32.88342806,5030.083185,-19.50528711,0.3947761295,338.6506418,197.0733282
901.717,32.88314679,5035.673744,-20.55182065,0.6729564475,334.7269714,203.7377709
902.717,32.88281799,5041.849432,-20.75867463,0.3782927219,331.0303364,201.8498547
903.717,32.88244304,5048.13669,-21.28747812,0.323626289,326.8290324,196.5901764
904.717,32.8820224,5054.443467,-22.11336069,0.2851991378,323.0419111,200.1352087
905.717,32.88155786,5059.777601,-22.10394528,-1.001780324,319.5904799,208.1670223
906.717,32.88105259,5062.237948,-17.52008067,-2.444318091,316.2896407,257.6519122
907.717,32.8805145,5060.890807,-7.411606462,-3.116326316,312.7289538,344.8936453
908.717,32.87995302,5061.683273,-5.44302983,3.523012641,309.3355792,410.4151147
909.717,32.87937939,5067.692242,-0.695676805,0.2501837728,313.1008713,493.573926
910.717,32.87880104,5069.983196,0.5719044924,-6.457066181,312.4794606,576.2633829
911.717,32.87821243,5063.178263,5.657764147,-5.373065641,311.3076734,624.8813254
912.717,32.87761608,5051.025467,5.887748996,-4.86439584,310.7756563,646.5558031
913.717,32.87701267,5037.107411,2.672721964,-4.018974235,311.7670173,703.956462
914.717,32.87640126,5024.845295,1.183677119,-2.578397052,314.7281775,766.0039059
915.717,32.87578551,5012.790623,0.1030510994,-5.13959953,315.7979217,809.0281634
916.717,32.87516303,4998.463158,0.3760753117,-3.494409303,315.9354271,854.1692614
917.717,32.87453644,4989.245675,1.221840695,2.79445856,315.5981523,856.7669427
918.717,32.87391499,4990.367794,-0.9603377241,4.051488496,314.720637,869.7244348
919.717,32.87329999,5005.594826,-3.305085851,11.38217045,317.2959734,930.0563606
920.717,32.8727009,5034.084212,-0.9526655006,9.442584556,318.2391679,981.6704475
921.717,32.8721188,5072.045866,1.301036951,11.95975515,321.8606981,1026.449899
922.717,32.8715627,5115.542802,8.622183214,10.67460725,322.0230654,1087.591441
923.717,32.87104205,5164.750832,21.01312479,12.55931428,325.740109,1177.372647
924.717,32.87059261,5221.54092,40.00136146,16.90347339,331.4069803,1249.070401
925.717,32.87026588,5286.406397,49.50163209,19.47607951,347.4401937,1322.39707
926.717,32.8701015,5354.735665,58.42367597,19.48499291,4.008452328,1431.833504
927.717,32.87010459,5419.538205,66.41423232,15.18196007,19.80408739,1517.112578
928.717,32.87025872,5473.400583,72.15163903,5.576400372,33.44525412,1582.537904
929.717,32.87053783,5509.896437,73.13622446,-5.99890691,46.01218065,1631.37831
930.717,32.87091504,5525.570866,68.295444,-13.00293165,63.20993103,1671.634539
931.717,32.87136494,5522.367594,59.62648594,-9.170048909,83.1487422,1692.155663
932.717,32.87185057,5510.222401,36.61221135,-2.064174734,96.99285263,1699.623551
933.717,32.87234838,5495.481619,11.16398774,-14.83864403,96.7470751,1687.88203
934.717,32.8728755,5477.8273,-7.704817091,-15.59667038,116.8021498,1640.359443
935.717,32.87343113,5455.495983,3.196773138,-10.58399454,113.9988215,1595.514429
936.808,32.87398744,5441.070124,7.906366582,3.20805661,106.970632,1548.828697
937.717,32.87455859,5448.736335,-3.119148892,21.91709691,98.99506111,1522.887754
938.717,32.87504044,5484.442314,-15.65921271,35.89368911,93.80391244,1530.342403
939.717,32.87540251,5537.324086,-28.62748627,38.82281915,89.08963391,1560.652734
940.717,32.87569597,5589.386145,-27.89558369,18.38364369,102.0334093,1593.29957
941.717,32.87597812,5630.789396,-20.78068492,9.810993007,107.2096135,1618.504403
942.717,32.87626901,5661.5223,11.32423679,-9.946497984,116.1835942,1632.555147
943.717,32.8765743,5688.274689,20.18981721,-25.1614436,119.2079609,1641.005613
944.717,32.87689935,5708.510442,22.84409873,-23.04459893,124.2571373,1648.387547
945.717,32.8772342,5725.44993,33.92665268,-12.51414112,133.209917,1653.915974
946.717,32.87753952,5745.313285,38.63487966,-7.366944709,146.5286493,1661.523084
947.717,32.87777956,5764.730888,47.16498339,-9.839245231,136.787939,1669.699304
948.717,32.87798088,5774.191432,56.79495248,-24.0693749,128.4110671,1666.693541
949.717,32.87816624,5764.845154,38.31517217,-28.83489009,146.2543353,1643.233466
950.717,32.87832768,5739.876546,24.06319358,-15.14785523,158.8348061,1602.286215
951.717,32.87846448,5713.596843,10.18808604,-11.44408355,163.0436779,1562.641031
952.717,32.87859784,5690.904423,-3.867068266,-15.44075423,173.7994773,1530.31024
953.717,32.87873136,5659.296596,-2.097231356,-28.2345933,168.293375,1487.285731
954.717,32.87887736,5607.76614,3.255017576,-31.84443878,167.6736036,1424.098763
955.717,32.87903545,5541.556662,-2.042003727,-22.54379751,172.5646338,1327.784743
956.717,32.87920057,5472.405399,-1.597596722,-19.5963711,170.011509,1224.99829
957.717,32.87937965,5407.635766,-1.128692282,-13.51388957,169.3081225,1122.515139
958.717,32.879569,5356.004758,4.103621196,-6.650085192,170.9137361,1028.742787
959.717,32.87975148,5319.777858,6.027036617,-8.101150771,171.7561306,958.076993
960.717,32.87992214,5291.019934,5.555947371,-6.644967246,172.7901666,875.6004742
961.717,32.88008005,5269.032194,8.591208306,-3.035523044,174.4408184,804.4091539
962.717,32.88021502,5256.203452,13.95269592,-1.11772033,176.2087719,731.1266189
963.717,32.88031407,5253.463856,15.86649188,1.792766282,179.5397322,643.9850546
964.717,32.880373,5259.125735,12.58825977,1.2436719,182.005895,561.4841688
965.717,32.88040218,5267.243331,9.839118018,-0.3201719209,183.4356038,462.1153971
966.717,32.88040668,5274.932323,17.26698631,0.5797222309,184.0991704,358.3378502
967.717,32.88037487,5284.443452,23.36601739,2.804249423,187.4635303,265.9233297
968.717,32.88029149,5299.14485,22.08950796,3.862850197,192.6062529,212.8379043
969.717,32.88015805,5317.682847,17.97954238,3.695116546,194.4882569,180.3994455
970.717,32.87998868,5339.992983,10.19601333,5.920096345,197.6882142,155.2370413
971.717,32.8798012,5362.705927,3.819135706,3.640524979,198.1707671,133.0877913
972.717,32.87960752,5387.20809,0.2393483181,6.731281201,194.5600149,122.9624943
973.717,32.87942283,5411.92088,-0.4286968499,3.08217473,198.9307759,135.2082251
974.717,32.87923749,5431.541111,-1.756745572,-0.4004060196,199.0259887,167.529848
975.717,32.87905151,5443.540054,-0.5576414033,-0.5182527695,197.9420787,192.0995288
976.717,32.87886552,5448.795079,0.8726950845,-2.826866314,198.3567941,210.2899875
977.717,32.8786752,5446.183565,2.264359468,-6.296329632,198.4637958,193.1648224
978.717,32.87847737,5433.437486,3.275894689,-9.004953845,198.9652137,169.4212516
979.717,32.87827007,5408.467198,0.2685482839,-12.67542152,199.005867,133.0202425
980.717,32.87805488,5368.838404,-1.244010635,-15.94594234,199.4483676,111.6134463
981.717,32.87783222,5316.701695,-1.940041809,-14.90777579,199.0713002,107.2309167
982.717,32.87760252,5260.80803,-1.836446623,-11.53495154,196.0816991,106.7917038
983.717,32.87737374,5209.26526,0.1541870115,-7.14897587,196.3980598,120.1528219
984.717,32.8771433,5163.770792,-2.950428278,-6.127628655,198.723466,134.6156204
985.717,32.87690954,5126.082892,-1.686298787,-3.455341475,197.907354,165.0120429
986.717,32.87667629,5097.286758,-1.669365468,-2.053724545,198.5479848,208.7862773
987.717,32.87644159,5072.914102,-0.8014387091,-3.062961194,198.452567,241.2579471
988.717,32.87620303,5050.639272,4.173714305,-1.793938086,199.3312572,244.5004274
989.717,32.87595388,5030.253913,1.92143488,-2.71910087,200.0349852,228.4071012
990.717,32.87569573,5008.305698,0.9436069623,-3.482694248,200.4378571,226.3472995
991.717,32.87543074,4985.078601,0.389777605,-2.557004259,200.8491028,229.2223449
992.717,32.87516004,4961.043613,-0.4601071557,-3.605161674,201.2129197,230.0107291
993.717,32.87488434,4933.749652,-1.429206412,-4.753455212,201.3534713,224.1019188
994.717,32.87460492,4905.389665,-1.123207427,-2.468608378,201.5655623,217.1294621
995.717,32.87432282,4880.16692,-2.954125331,-2.044467077,201.6801319,217.5642702
996.717,32.87404043,4856.96693,-1.622186363,-2.910387575,201.9506621,220.7947511
997.717,32.87375454,4831.476851,2.400951085,-4.343329673,201.8632766,227.6955725
998.717,32.87346016,4802.606376,0.8991939773,-4.294769162,201.3304809,231.5412438
999.717,32.87316031,4770.605343,-4.325726141,-4.938216525,198.2363642,250.7260525
1000.72,32.87286965,4736.27541,-6.393828875,-5.204628053,197.7376784,241.4439875
1001.72,32.87259145,4700.708385,-7.73851383,-4.888902559,196.2393672,232.7476387
1002.72,32.87232983,4665.005112,-8.732108278,-4.713960924,196.0893216,245.9710932
1003.72,32.87208423,4629.053143,-9.321029387,-4.949893587,194.2960008,258.8582216
1004.72,32.87185705,4593.091217,-3.534498031,-4.415922631,193.4782495,233.3832566
1005.72,32.87163832,4559.859118,3.136315078,-2.554536,192.9437326,211.2967593
1006.72,32.87142193,4531.103045,-5.18198683,-2.79856201,196.8803668,196.1861054
1007.72,32.87120596,4499.409676,-10.11589777,-5.541209957,195.3315394,199.9411759
1008.72,32.87100085,4464.832094,-3.749934364,-2.312394054,194.4760172,239.6620614
1009.72,32.87079784,4433.106537,8.823125672,-3.455625995,195.772592,303.5553601
1010.72,32.87057391,4405.346474,15.91402145,-2.719492752,197.8548708,343.2730754
1011.72,32.87031109,4382.672256,22.4498124,-0.5943737337,201.0980495,362.2631593
1012.72,32.86999496,4368.072978,28.15116254,1.407081721,202.1537236,340.2944152
1013.72,32.86962283,4359.504174,33.17546848,1.882494691,207.664047,299.1174803
1014.72,32.86918212,4356.573705,37.09635565,3.629532216,213.6119943,311.5901692
1015.72,32.86867195,4358.458409,37.38121893,3.573040789,218.6699953,339.1166827
1016.72,32.86810024,4363.42547,35.52799053,5.192526666,224.3717689,350.0099605
1017.72,32.86747635,4373.469319,36.36475701,7.06401472,230.4702535,356.6119265
1018.72,32.86680935,4389.457698,37.89993423,8.271040627,236.5913598,365.1806094
1019.72,32.86610939,4409.868418,39.69659159,8.89975271,242.7416446,372.2754971
1020.72,32.86538643,4432.531125,41.85306331,9.160840106,249.1760107,378.2591108
1021.72,32.86464986,4455.4515,44.28453211,8.910845791,255.9647542,349.4035455
1022.72,32.86390894,4476.771197,46.17062737,8.320370815,263.0688067,360.6849909
1023.72,32.86317354,4495.129584,47.25823255,7.42224192,270.5465524,367.1060411
1024.72,32.86245416,4509.694287,47.67562882,6.281853046,278.1324884,352.6569073
1025.72,32.86176108,4519.923606,48.08601391,4.911084452,285.7600611,333.3333275
1026.72,32.86110383,4525.356444,48.13212793,3.344128493,293.4408274,321.4104501
1027.72,32.86049139,4525.851523,47.51187504,2.077897652,301.3514432,299.2473971
1028.72,32.85992972,4521.324675,46.2524223,0.1792141987,308.6517407,266.1545126
1029.72,32.85942715,4512.592688,44.15388766,-0.1710213468,316.751744,247.4899511
1030.72,32.85899089,4500.8165,44.28544735,-1.95721077,324.0928586,256.7448848
1031.72,32.85862773,4486.146991,42.65353416,-1.385398005,331.4661844,263.2062348
1032.72,32.85834514,4471.029712,40.66670726,-0.2813417351,340.4339496,261.1782117
1033.72,32.85815367,4458.601076,37.91434593,1.245434516,348.306972,242.305062
1034.72,32.85805234,4450.364616,34.80253907,1.880242863,354.7870184,224.1180423
1035.72,32.85803107,4446.019126,30.8736435,2.284241295,0.3832761186,217.0910219
1036.72,32.85807852,4445.574434,27.00065986,3.629590699,5.488438635,217.2076879
1037.72,32.85818434,4449.940443,23.89712436,4.718075686,10.13526051,218.1372491
1038.72,32.85833814,4458.261516,21.40300394,4.010132128,13.76544714,219.7543667
1039.72,32.8585301,4469.240842,15.25860504,4.850158311,16.45531736,221.474929
1040.72,32.8587452,4481.694339,8.32056889,3.012805194,18.59216083,218.6822491
1041.72,32.85897073,4494.816669,1.466524431,4.158775827,18.08159053,210.6622843
1042.72,32.85919198,4512.145139,3.734294511,5.854071041,18.58352405,207.131153
1043.72,32.85941127,4532.204415,5.45785817,3.179096608,18.5389878,206.6791936
1044.72,32.85963338,4552.173671,6.608875673,3.38667182,18.463533,216.6492266
1045.72,32.85985977,4572.549727,8.193763013,4.567242911,19.40126674,235.9653142
1046.72,32.86009279,4593.193654,7.636510931,2.867116405,19.99739029,261.772814
1047.72,32.86033247,4612.764087,6.547873973,2.227892875,19.76439546,286.6581028
1048.72,32.86057634,4632.623976,5.462131734,4.462532269,20.29730731,322.5373025
1049.72,32.86082132,4654.00972,3.711900029,3.698321186,21.00531959,358.4708867
1050.72,32.8610648,4676.928119,1.293160142,5.269730428,20.05214791,369.3723603
1051.72,32.86130094,4701.707842,3.522262174,5.510563752,20.97141283,369.4565544
1052.72,32.86153448,4729.417715,8.373570304,7.581768672,21.45717588,372.836626
1053.71,32.86176986,4758.829698,10.07092781,5.03036218,24.33349148,387.4482612
1054.71,32.86201828,4785.775605,9.694713305,1.023536077,24.07632291,432.164862
1055.71,32.8622788,4807.118221,14.61035349,0.2099007312,24.47157742,450.2618239
1056.71,32.86255645,4823.390603,12.08805172,-0.3640242166,24.88490973,437.067684
1057.71,32.86284818,4835.664205,7.329346225,-1.365999948,26.73022365,410.1693806
1058.71,32.86314976,4846.665637,3.351837001,2.177149692,25.9831922,380.8791867
1059.71,32.86344916,4861.4674,0.3507149527,4.009701826,26.68431453,355.235349
1060.71,32.86374145,4880.075661,-0.4529458091,3.098235279,25.75923883,334.2839339
1061.71,32.86402296,4902.870684,-6.127846367,8.227360714,21.4675646,303.3361546
1062.71,32.86426879,4934.805275,-22.44224113,12.66766242,17.86069196,274.9132188
1063.71,32.86444515,4972.644679,-36.822407,9.483210521,12.95549428,255.745966
1064.71,32.86453316,5009.23162,-38.52422718,6.94729191,4.16415332,237.0068842
1065.71,32.8645372,5038.416656,-40.29404531,0.7120433256,0.3581026294,220.3054781
1066.71,32.86447244,5055.59787,-32.59810234,-4.481028421,356.1679734,206.9573649
1067.71,32.86435622,5061.054309,-13.09515287,-6.753285936,348.6953912,182.2224909
1068.71,32.86420999,5060.12507,13.95729008,-5.971453818,345.1534464,150.9980838
1069.71,32.86407804,5060.00499,29.85070314,0.4077845449,346.6775348,147.4087277
1070.71,32.86400248,5066.105931,35.32160612,2.712505895,357.5794183,176.1703339
1071.71,32.86400264,5074.859774,30.5056534,-0.2070678835,0.5762321643,216.4939006
1072.71,32.86406348,5084.067453,29.71352221,1.100723618,7.401774404,258.6964941
1073.71,32.86418349,5094.115625,28.40585859,0.3418375744,12.86340455,281.1887923
1074.71,32.86435249,5101.929419,21.68323636,-4.631876564,16.15341788,274.680946
1075.71,32.86456026,5106.068035,19.0299862,-2.140713621,19.38419298,260.7518303
1076.71,32.86480233,5109.716153,18.99212134,-0.963998492,22.77555778,257.1620576
1077.71,32.86507721,5114.02932,14.15179423,-2.307822523,24.85808587,271.5166037
1078.71,32.86537806,5118.327431,12.96025151,-1.209437925,25.85322394,283.4733634
1079.71,32.86569681,5121.158387,8.77311588,-3.603761912,28.35439482,292.5761206
1080.71,32.86603311,5123.447612,11.10902777,-0.5751747657,28.69231672,301.9367934
1081.71,32.86638245,5128.587957,2.580418148,1.020028348,30.99991321,337.4552427
1082.71,32.86673701,5134.433468,2.416984954,-3.332653135,30.8465618,351.2730793
1083.71,32.86709538,5136.36735,0.9268284958,-4.073860354,28.43753188,361.4491095
1084.71,32.86745349,5134.531444,1.863954142,-3.321196773,32.57852019,370.6938146
1085.71,32.86781962,5131.959914,3.378170582,-2.425316718,33.03078117,379.4541738
1086.71,32.86819696,5129.555898,8.660027585,-2.693690005,29.41653192,388.1877255
1087.71,32.86858519,5127.737159,11.58607892,-1.80190785,31.29302053,360.0400648
1088.71,32.86899124,5128.766891,7.214908113,1.068586831,31.84040555,326.2407327
1089.71,32.86940509,5132.475985,1.339307569,-0.7226241958,32.71794143,294.1687386
1090.71,32.86982122,5136.707867,4.284310862,-0.8533612202,32.00755394,299.6626015
1091.71,32.87024081,5141.022523,6.071316733,0.2421804453,31.80066068,292.6841615
1092.71,32.87066556,5148.112535,6.566232668,2.434817298,32.85342847,292.1313709
1093.71,32.87109479,5162.862865,8.071766443,7.266418838,34.68083193,322.6192682
1094.71,32.87152411,5192.778121,11.93001992,11.187271,42.89760755,383.090997
1095.71,32.87196216,5237.617447,18.13862431,14.12089958,42.92742474,402.1190675
1096.71,32.87240839,5293.276277,23.88741866,15.13614829,47.83376136,433.9885123
1097.71,32.87286908,5355.647634,28.8568389,15.39500392,53.71288426,472.0074668
1098.71,32.87334628,5422.473172,33.41724693,15.82382881,61.86154924,563.1718144
1099.71,32.8738326,5494.292337,32.69059676,22.00126875,73.18246484,656.9002745
1100.71,32.8743063,5570.627231,34.04786464,14.98084174,79.56423843,796.3467705
1101.71,32.87477934,5642.066767,16.66496148,2.604719961,80.78689694,926.8896966
1102.71,32.87526333,5705.348563,8.126211589,10.80833638,94.36546327,1027.122878
1103.71,32.87574216,5767.338295,15.6723096,12.57217638,93.43003471,1083.911076
1104.71,32.87620708,5829.723357,16.92011515,7.881113665,92.2913329,1110.049538
1105.71,32.87666724,5890.438784,31.3092798,6.507628791,98.65471279,1128.937082
1106.71,32.87711341,5950.182576,49.85354392,14.98302398,100.0718541,1141.335621
1107.71,32.87752096,6008.390368,62.56693019,13.73748178,116.5842121,1142.013949
1108.71,32.87785534,6059.042126,64.85730436,8.300321648,136.3687703,1126.63583
1109.71,32.87808717,6098.909017,62.75211028,3.812451085,157.5306634,1101.359933
1110.71,32.87819273,6128.445702,59.72979256,0.4052470763,177.0889237,1079.363795
1111.71,32.87816955,6147.701701,45.7423711,4.306490621,187.7505895,1062.125224
1112.71,32.87807181,6160.299905,10.99711341,-8.592303698,194.4742687,1043.839874
1113.71,32.87795507,6165.693036,-15.4710632,-10.59430984,203.0570161,1020.605736
1114.71,32.87785187,6165.235166,-18.90623512,1.729695568,202.2182689,988.1859011
1115.71,32.87778231,6167.15231,-10.35173652,2.949653052,200.921175,963.4425512
1116.71,32.8777299,6170.803892,4.10804417,-9.96736848,202.5324439,944.0119373
1117.71,32.87765977,6169.586276,13.91978039,-16.5400322,201.8839038,919.6566735
1118.71,32.87755548,6158.102372,20.06251102,-18.30152945,197.9632659,885.7697658
1119.71,32.87741824,6133.679518,24.49397019,-25.3600877,204.7217381,839.581153
1120.71,32.87722219,6099.304992,23.67824924,-16.04377285,208.7804824,792.3962532
1121.71,32.87696321,6065.113441,20.21414975,-12.0269719,216.2956849,753.3517953
1122.71,32.87664366,6033.730283,16.40862619,-13.59238637,217.0445878,719.7495676
1123.71,32.87627752,6003.279248,9.393188628,-9.916968514,219.8777093,689.8640549
1124.71,32.87587773,5974.656386,5.225723519,-8.202951325,220.9656355,678.1152933
1125.71,32.87545441,5948.085982,2.132385913,-9.24012665,221.6441875,680.7068166
1126.71,32.87501325,5920.520541,-1.993920903,-9.13961444,222.448292,679.2756594
1127.71,32.87455848,5887.993425,-4.877245133,-12.67118253,223.0145693,653.2357393
1128.71,32.87409032,5845.350338,-6.120865914,-15.14257549,220.1704922,606.0409522
1129.71,32.87361356,5796.302154,-3.993136056,-10.28643479,219.9504508,552.788696
1130.71,32.87312844,5750.090034,-3.315989394,-7.883569972,219.4124095,523.5652957
1131.71,32.87263502,5709.569618,6.437530559,-8.107154507,218.8979597,486.5109358
1132.71,32.87212023,5671.15286,23.18048042,-10.18681648,221.0563677,430.0260712
1133.71,32.87155758,5632.721316,34.2342844,-8.961110861,225.309267,381.7554154
1134.71,32.87093038,5596.620784,28.45686132,-6.690291101,231.7982609,349.2396219
1135.71,32.87025088,5563.013324,14.85093837,-7.012499299,233.7616397,318.4357566
1136.71,32.86954217,5531.018279,2.487866096,-5.886281359,235.667044,294.8248456
1137.71,32.86882047,5497.661029,-3.900295429,-7.495269449,235.8470331,315.4340188
1138.71,32.86809267,5460.438018,-8.387551702,-7.817150651,235.3986448,361.4674752
1139.71,32.86736357,5419.741631,-14.99871805,-6.998937958,233.7280899,348.5997177
1140.71,32.86664256,5376.648551,-24.2998972,-6.827561255,231.5481394,292.3719588
1141.71,32.86593738,5326.772904,-30.68904056,-8.859967712,229.5031261,347.1555478
1142.71,32.86525405,5268.425822,-32.64594099,-8.868060632,225.0133422,380.6491092
1143.71,32.8646134,5211.133362,-30.94164145,-4.166190424,218.2144626,385.3767276
1144.71,32.86402988,5160.758542,-29.06794298,-6.020430117,216.7647003,416.9508313
1145.71,32.86348441,5107.674125,-28.28038289,-9.814040979,215.6226654,465.0735238
1146.71,32.86296538,5045.880446,-28.08344634,-11.78569973,212.9791909,510.6625671
1147.71,32.86245712,4962.394798,-33.90049989,-20.48706533,218.1826613,525.1503284
1148.71,32.86194967,4855.433165,-24.76863259,-16.0356398,212.1592677,483.6490578
1149.71,32.86146426,4751.199728,-9.966238938,-10.6384525,211.10511,432.4513345
1150.71,32.86099525,4671.444677,-15.14156804,-4.012762604,208.5673122,351.3185398
1151.71,32.86056599,4625.302479,-6.441168916,5.377799389,208.3727611,296.3490699
1152.71,32.86016099,4609.303748,-0.2354927563,1.380590086,208.5918736,318.2152356
1153.71,32.8597576,4610.009629,6.039693384,7.189379427,211.8662116,351.8305156
1154.71,32.85934547,4626.359562,5.916044762,7.116121379,212.5522085,352.3431921
1155.71,32.85892325,4643.926555,5.341969924,3.119053482,212.2615976,352.5215788
1156.71,32.85849254,4653.410799,-0.5354686349,1.444685114,212.4007968,377.19206
1157.71,32.85805826,4644.062834,-12.13223194,-1.716116192,211.9355244,401.9532972
1158.71,32.85762579,4612.796863,-22.142027,-6.89241945,212.2664197,397.819253
1159.71,32.85720175,4563.082813,-30.15116658,-10.17163468,209.7667754,325.1303183
1160.71,32.85681521,4506.736832,-37.39455146,-5.225621067,202.1682992,271.0437785
1161.71,32.85650726,4453.912496,-42.18522224,-4.675217102,196.2419899,252.1644087
1162.71,32.85630442,4405.509294,-46.23480042,-2.422918681,188.5548852,249.0132899
1163.71,32.856222,4362.901507,-35.97539183,-0.4274167231,182.0302378,222.6990196
1164.71,32.85625,4336.104112,-15.13125787,7.343391655,178.8006375,172.3825347
1165.71,32.85633936,4343.390256,-3.480046696,16.74953288,180.1868653,143.8331758
1166.71,32.85643986,4380.713236,-5.204616954,12.29412536,181.1474085,137.3035159
1167.71,32.85653787,4414.588583,-6.176408158,-0.8382221593,179.102887,128.7534127
1168.71,32.8566327,4424.086957,-5.099381668,-6.955271705,175.4360589,97.62881361
1169.71,32.85673074,4411.31184,-0.8314222257,-8.043788281,172.491059,89.15934364
1170.71,32.85683484,4386.819785,-3.60210986,-6.822972221,164.8720922,70.21851825
1171.71,32.85697017,4362.876728,-11.38258026,-2.689192752,167.4580701,52.19801618
1172.71,32.85713247,4340.360229,-9.800279855,-8.522182414,166.0697249,50.00794039
1173.71,32.85731697,4307.073334,-9.405247327,-13.52000685,162.7798414,102.2285695
1174.71,32.85753129,4263.249502,-11.4354852,-9.947312484,158.7239384,125.7358679
1175.71,32.85778979,4221.548734,-13.55025349,-4.757756097,155.6933562,171.9104595
1176.71,32.85809202,4184.856647,-15.13794804,-6.053015242,153.8781788,186.1265874
1177.71,32.85843846,4151.624041,-18.22148475,-3.750196899,149.1676568,221.8038806
1178.71,32.85884112,4128.918447,-21.80269808,1.952843718,144.4031764,217.1024906
1179.71,32.85929978,4120.01811,-24.10139312,1.13729768,140.3565079,222.1635163
1180.71,32.85980964,4118.169205,-27.28100498,1.772257358,134.078321,235.7776356
1181.71,32.86036966,4120.343609,-29.79323735,2.596344868,129.8293832,255.1996574
1182.71,32.86097158,4121.828538,-31.79091059,-1.677776846,125.8854817,276.2615494
1183.71,32.86161399,4117.771415,-34.36815953,-2.227833111,119.8234566,295.6212562
1184.71,32.86229695,4109.358373,-36.02647823,-2.427311987,113.6355033,302.93094
1185.71,32.86301646,4098.34234,-35.47306215,-3.224913304,107.1413868,293.9289361
1186.71,32.86376435,4085.617382,-29.23785759,-2.021327677,101.2363604,281.5613167
1187.71,32.86452871,4074.259684,-23.81759022,-1.210015503,95.73402827,268.9414436
1188.71,32.86529911,4066.327341,-22.35255562,0.4012253222,90.72737667,279.4704065
1189.71,32.86606588,4063.636455,-22.86308665,2.003100464,85.84479545,297.2466482
1190.71,32.86682135,4064.851912,-25.35764078,0.888138996,81.6442496,313.7473671
1191.71,32.86756196,4066.944628,-28.24124591,0.3629291985,75.72169012,332.8875327
1192.71,32.86828098,4068.879197,-30.88312722,0.5348824659,69.53663964,350.8993739
1193.71,32.86896887,4070.683028,-33.30914894,-0.1490861275,63.01102909,360.3222635
1194.71,32.86961653,4071.329435,-35.65645615,-1.263953827,55.98716308,362.5310233
1195.71,32.87021441,4069.715467,-37.81985368,-2.328861427,48.42575776,360.9477409
1196.71,32.87074679,4065.476665,-39.73190367,-3.259560079,40.03886944,355.4067056
1197.71,32.87121338,4058.13484,-41.38992867,-4.482310789,31.42832658,345.3443517
1198.71,32.87158874,4047.792443,-42.87813468,-5.35936172,21.36557451,330.9847036
1199.71,32.87186016,4035.105953,-44.31204752,-5.047711714,10.70255297,307.6091525
1200.71,32.87201161,4021.481868,-45.51604595,-5.010871808,359.4798228,277.3772535
1201.71,32.87203381,4007.351775,-46.46918519,-5.971178049,347.4582801,247.4812172
1202.71,32.87192026,3993.1292,-47.6811442,-4.841761447,333.0285219,219.1622758
1203.71,32.87167033,3980.342619,-49.02240894,-3.530637694,319.3211245,184.5824622
1204.71,32.8712999,3968.509816,-50.7527315,-1.59271335,308.6128906,147.772024
1205.71,32.87083624,3956.616399,-50.52491737,-3.857133329,294.9536597,133.9917053
1206.71,32.87030582,3942.406967,-49.64816696,-3.095523694,282.3907835,123.6937139
1207.71,32.86973942,3926.371774,-48.80002822,3.216477807,273.6446989,116.8841893
1208.71,32.86917114,3912.585353,-44.56299892,4.338434562,260.1584631,113.9529781
1209.71,32.86863385,3904.436678,-26.67556164,9.49559963,250.408368,89.82530293
1210.71,32.86814891,3910.510527,-5.381877012,12.30511086,248.6787182,81.68470713
1211.71,32.86769596,3926.96867,5.317251896,1.561425,248.827753,84.96647885
1212.71,32.86724162,3939.37051,-0.08504215842,-6.183625534,245.6802652,84.46901543
1213.71,32.86677979,3944.614425,-12.19143431,0.7464889835,237.8670752,92.16966785
1214.71,32.86632985,3949.907546,-7.13615902,2.787381631,237.1290869,111.6682196
1215.71,32.86589481,3958.040571,-4.767644503,2.478761454,237.9615777,134.1780148
1216.71,32.86547456,3970.027596,-11.10712385,7.897296945,242.3373794,153.5913268
1217.71,32.86506971,3985.771887,-6.490264742,-0.4308814699,239.6384438,169.4305886
1218.71,32.86466744,4001.297842,-14.18724718,-2.082344318,218.4056943,175.6143035
1219.71,32.86429635,4015.199225,-23.1743452,-3.284283229,215.7501987,179.5112155
1220.71,32.86396026,4020.666572,-31.18268566,-11.72498021,225.659765,177.4580998
1221.71,32.8636388,4012.310817,-34.76263027,-14.41436121,219.3223193,129.4653323
1222.71,32.86334028,3990.461845,-26.5399841,-15.56719469,206.5133104,138.8382639
1223.71,32.86308225,3961.922795,-20.37008297,-12.98795219,199.3870735,123.7515603
1224.71,32.86286771,3934.537385,-15.50497679,-8.285146675,194.0041058,110.5786369
1225.71,32.86269655,3915.384893,-12.13951122,-3.19468993,188.5608275,106.1349854
1226.71,32.86256491,3907.290699,-0.6312572889,-0.936055868,187.2853716,112.8016332
1227.71,32.86244955,3907.803412,-1.33463049,-0.473465565,186.5318925,127.0178818
1228.71,32.86234647,3910.941327,-5.863246546,-2.330467802,187.3293171,141.4689581
1229.71,32.86226114,3918.375357,-5.527461213,5.14236661,181.4987261,160.4547226
1230.71,32.86219979,3939.140156,-0.1468353001,15.68938678,179.8438259,192.64723
1231.71,32.86215652,3977.952874,-8.607163628,17.12971829,181.9274981,242.1756071
1232.71,32.86213657,4024.010657,-6.443839946,10.4303059,178.9141825,298.4281693
1233.71,32.86213699,4069.237637,-0.5669522318,10.43193063,175.9996725,353.0111415
1234.71,32.86214941,4110.725324,-1.067546721,6.397105231,175.6429454,403.7236277
1235.71,32.86217185,4146.341825,-4.137161267,2.856321932,174.6618024,448.3860568
1236.71,32.86220757,4174.537619,-0.9551939513,0.3652468471,173.8077555,485.5574031
1237.71,32.86225505,4199.242348,-0.8772379607,5.767096266,173.7218181,519.2834568
1238.71,32.86231383,4225.80662,2.95341862,5.917521791,182.606897,554.7236612
1239.71,32.86236205,4252.946642,7.561633274,0.6920498678,179.0134525,588.1581148
1240.71,32.86240015,4276.212781,5.325176623,0.6048843277,171.9961435,617.0252216
1241.71,32.8624403,4297.138791,-0.3719617502,3.070867778,168.0389094,646.4645024
1242.71,32.86249634,4319.089123,-4.324370348,4.175112786,172.7879263,677.9596297
1243.71,32.86256283,4343.407883,-7.461518923,4.614697784,165.3710512,711.4605648
1244.71,32.86265573,4370.410126,-10.95538693,5.590133321,159.643077,747.2236418
1245.71,32.86278044,4398.015598,-10.91460814,2.59084123,158.953665,782.6497361
1246.71,32.86293319,4421.221999,-4.710355011,-5.164966852,155.0592687,813.3279302
1247.71,32.8631081,4434.312384,-5.861161631,-9.372789414,149.1308285,833.6008096
1248.71,32.86331354,4436.092425,-10.35060954,-13.19348198,146.5587158,842.2988904
1249.71,32.86355809,4425.726143,-15.16850118,-16.85248262,149.3447227,829.2288507
1250.71,32.86384105,4402.039521,-15.49560236,-19.33834021,146.976177,800.5272739
1251.71,32.86417112,4368.661624,-14.3389508,-15.32525061,140.5197767,761.5642597
1252.71,32.86455789,4334.760881,-13.07091252,-9.584129127,136.1793281,721.4618768
1253.71,32.86499752,4306.595444,-14.86673147,-8.604844779,134.2949472,702.0980717
1254.71,32.86548427,4282.624526,-10.63845506,-8.497652644,130.2986445,695.5568839
1255.71,32.86600954,4260.377761,0.1257074972,-7.432193506,128.6926075,690.3476897
1256.71,32.86655874,4239.30049,0.4578043681,-6.099053705,127.8338888,686.2646237
1257.71,32.8671277,4219.654439,1.433991493,-7.527331211,130.3244217,677.6952782
1258.72,32.86771297,4195.118834,-1.471572261,-12.37448424,129.1260103,656.9895875
1259.71,32.86832249,4165.640689,-2.622257325,-6.863897007,127.0902178,616.7232234
1260.71,32.86895661,4143.194351,-5.137348555,0.1806997648,125.4603298,571.9734591
1261.71,32.86960727,4133.506674,-10.02650682,-1.024586432,125.6366989,560.0658652
1262.71,32.87027244,4127.200591,-8.725068915,-2.247652399,122.2766283,560.1315679
1263.71,32.8709533,4120.864699,-5.13691185,-0.9892244083,122.8800346,560.5514732
1264.71,32.87164418,4115.941836,-15.12922418,-0.1559573112,120.7669106,562.6451742
1265.71,32.87234968,4108.135859,-15.84470528,-4.698204104,120.6485981,562.32725
1266.71,32.87307109,4090.386662,-9.244869362,-9.698014848,118.1107184,552.1852388
1267.71,32.87381017,4065.375868,3.786929657,-4.284253232,115.4260715,535.1152609
1268.71,32.87456184,4039.493786,-4.39892784,-8.163627365,118.0566779,517.3395055
1269.71,32.87532869,4009.330237,3.808439203,-8.313603805,113.5611977,495.5705313
1270.71,32.87610859,3989.238977,4.471670208,5.438794259,116.5183827,483.5144602
1271.71,32.87687671,3988.714699,-4.181559631,2.20840976,119.2372898,489.7340215
1272.71,32.87763951,3996.552233,1.867111397,1.641861577,113.3134599,514.7164857
1273.71,32.87840651,4004.900453,-2.727349817,1.004316352,114.8161903,535.4750786
1274.71,32.87917674,4013.456251,0.8915757017,2.27410999,113.5663203,554.9900604
1275.71,32.87994933,4021.855576,-2.565009454,0.2702920899,114.3187886,567.6230056
1276.71,32.8807263,4028.179977,0.02916178615,0.2589666491,112.5798224,575.3762369
1277.71,32.88150832,4033.29111,1.756177065,0.537431087,112.8502979,578.0464227
1278.71,32.88229358,4036.658936,-0.1711033624,-1.115918654,112.5383359,569.9131544
1279.71,32.88308372,4039.575284,1.686587149,1.34550874,111.6037747,561.1252814
1280.71,32.88387544,4044.994004,-1.102735536,2.044112121,111.6876563,551.3775224
1281.71,32.88466846,4051.582716,-2.34839342,0.09755392439,111.2888211,540.0824956
1282.71,32.88546637,4056.299855,1.841001718,-0.2587096365,110.3368156,526.8719835
1283.71,32.88626863,4059.515557,2.110007865,0.298708585,110.244089,511.9706477
1284.71,32.88707397,4062.138878,-1.061589836,-0.4593735507,110.5132667,526.1908766
1285.71,32.88788347,4063.422908,3.047358694,-0.255076803,109.3027386,540.8382745
1286.71,32.88869276,4066.89726,3.305746245,2.301587414,109.6157526,555.9241222
1287.71,32.88950006,4072.827671,1.198923489,0.6238741212,109.7987265,571.2411117
1288.71,32.89030878,4077.783036,3.925544077,-0.2927149873,109.1608415,585.6292434
1289.71,32.89111984,4080.56704,0.8422623229,-0.225381435,109.7166823,603.5797179
1290.71,32.89193173,4084.465763,-2.018245341,2.160938451,108.6338172,633.6651251
1291.71,32.89274319,4090.622476,0.5945180215,1.355950605,108.4179833,670.2672329
1292.71,32.89355244,4097.588933,0.5451660628,1.239987867,107.3851562,707.5173479
1293.71,32.89436018,4107.870488,-6.485683393,6.015790284,106.8989833,741.2693526
1294.71,32.89516074,4117.041181,-3.843531434,1.280089188,107.7737871,751.4300572
1295.71,32.89595859,4111.537859,-2.664070676,-8.79403675,107.9487561,746.8778919
1296.71,32.89675982,4082.536263,-0.8625158081,-15.58447166,108.3612517,718.8250644
1297.71,32.89757042,4033.543335,0.7076053035,-14.13004093,106.6078329,670.789677
1298.71,32.89839906,3976.21782,-1.356461375,-10.63103491,106.6064327,614.2606387
1299.71,32.89924799,3922.347242,-3.439162037,-8.091544963,105.4958644,535.6201354
1300.71,32.90011433,3876.773403,1.947843166,-5.917003123,105.5695895,464.2644559
1301.71,32.90099,3840.500969,4.364994179,-3.514656332,105.7562927,413.4994552
1302.71,32.90186816,3813.497767,0.5452991981,-1.884127106,106.4021212,401.4008814
1303.71,32.90274583,3793.996444,-1.411023914,-1.20595805,105.956588,390.5113434
1304.71,32.90362282,3780.425384,-4.611701039,0.4772786248,105.1175129,386.1415695
1305.71,32.9044983,3771.104552,-5.370259287,-0.03914552835,104.5929476,386.5146041
1306.71,32.90537188,3765.197783,-1.543621792,1.171975725,103.2283372,395.3350251
1307.71,32.906242,3760.947727,0.008109189617,-0.181915125,103.8625749,424.8500818
1308.71,32.90710916,3755.049769,0.7791345129,-1.209080834,102.8670339,452.5696901
1309.71,32.90797287,3751.940212,3.016938526,3.998991662,102.8110127,459.0615093
1310.71,32.90882632,3754.9307,-1.682892764,1.688319563,103.6209092,467.1592482
1311.71,32.90967022,3762.981987,1.186231076,5.448300601,101.0101513,480.2926929
1312.71,32.91049887,3779.648754,-2.773755617,7.622291331,102.8998939,499.3540956
1313.71,32.91131001,3801.062729,-3.185961802,4.446684095,100.7644967,522.1143304
1314.71,32.9121118,3820.90703,-0.9732459278,4.509778822,100.1595059,543.237759
1315.71,32.91290436,3839.483789,-2.172827676,4.309346494,100.2516588,563.0264266
1316.71,32.91368944,3854.6757,0.1744878945,0.9174979238,99.34612601,579.4035581
1317.71,32.91447003,3865.949325,15.66098002,2.703425586,98.29543118,591.8548347
1318.71,32.91523854,3879.258603,22.39990933,6.984002896,102.0788232,606.406357
1319.71,32.91598365,3898.047624,16.96940009,5.937062962,105.6974779,621.4916751
1320.71,32.91671283,3915.51526,13.44708263,0.01101453381,105.9369649,614.2820363
1321.71,32.91743972,3925.368689,16.39976914,-0.7642012648,107.0388861,588.9676862
1322.71,32.91816371,3930.804072,17.86106592,2.033714439,109.4122539,559.407745
1323.71,32.91887606,3937.36739,17.90042317,2.954296513,112.14588,527.8079033
1324.71,32.91957145,3947.003925,15.98714546,4.351485346,114.6374169,499.4007157
1325.71,32.92024552,3961.885629,12.58567454,5.988051178,117.5748764,527.4025741
1326.71,32.92090531,3976.058718,1.258109533,-0.8918990685,116.9048895,553.6140537
1327.71,32.92156952,3985.250092,-8.2471768,0.4162191615,117.7616957,571.2955858
1328.71,32.92224306,3990.933143,-7.508302304,0.8752169184,115.7248513,570.7184053
1329.71,32.9229224,3989.682543,5.900702023,-5.52543222,113.5683079,562.8939211
1330.71,32.9236077,3984.271316,0.8670669553,-0.4054041706,113.8144269,550.6844133
1331.71,32.9242933,3984.402325,-2.710593229,4.942189133,114.120959,545.296618
1332.71,32.92497418,3990.623761,-2.830269029,-0.3065027913,113.0860419,543.0856896
1333.71,32.92566044,3992.569466,4.316710291,-4.621536084,112.9308532,514.259093
1334.71,32.92635116,3987.18114,12.91127222,-3.639501304,112.3889596,477.9037887
1335.71,32.92704065,3980.720624,7.931617792,0.2234894993,114.4832254,469.7821032
1336.71,32.92772603,3975.350029,2.916393659,-3.085225263,115.8374265,488.3666927
1337.71,32.92841259,3969.228735,2.161284656,-2.166626932,114.2993772,476.9259018
1338.71,32.92910334,3961.981102,2.377735272,-3.167811215,115.842959,459.9516925
1339.71,32.92979823,3949.52529,1.310742223,-8.43166704,115.4284758,443.608927
1340.71,32.93050349,3930.283403,-0.4867040191,-5.588381805,114.0522268,453.3072129
1341.71,32.93121957,3912.510074,3.859481207,-1.199102354,114.7260181,473.3299395
1342.71,32.93193585,3901.98676,4.149065433,-0.4659487283,114.4697289,500.6926782
1343.71,32.93265119,3893.219237,5.100605126,-3.658237367,115.1762505,529.5992369
1344.71,32.93336725,3885.634964,2.939793247,0.2514636062,114.7062789,559.9428871
1345.71,32.93408156,3883.003755,-0.4913808844,1.529492478,115.6449381,584.4408949
1346.71,32.93479313,3882.698083,2.953361204,-1.855283217,114.3264043,606.7386074
1347.71,32.93550528,3881.568143,0.1284434282,1.022036637,113.0519183,634.6799429
1348.71,32.9362186,3878.463324,-2.398589334,-1.885839776,113.4083449,628.5976538
1349.71,32.93693605,3874.38849,0.4633695315,-1.78454124,113.3876699,620.0160413
1350.71,32.93765769,3866.620883,1.343429588,-4.452217829,114.4571068,631.8486053
1351.71,32.93838457,3852.286606,-1.327415249,-7.363527906,111.215178,639.5340121
1352.71,32.93912474,3834.343718,-9.366655904,-2.773947502,109.8863168,625.6097165
1353.71,32.93987831,3816.035735,-9.468386449,-5.447816085,109.7023867,603.6738076
1354.71,32.94064575,3797.559934,-3.601000381,-3.949370338,107.5296557,581.0432852
1355.71,32.94142243,3781.553416,3.325053268,-0.2594268597,107.6353734,569.9786205
1356.71,32.94219798,3774.0985,5.990304713,0.7350398789,107.6918454,575.324716
1357.71,32.94297493,3767.852489,3.676386033,-6.880139197,109.4488432,576.5037629
1358.71,32.94376251,3749.584708,5.346106457,-11.60488328,109.2116171,565.6305828
1359.71,32.94456566,3716.007003,5.388635057,-12.34952502,109.0928674,539.6750951
1360.71,32.94538446,3677.694002,3.425757791,-5.154057333,109.254094,512.776819
1361.71,32.94621143,3638.440876,3.512848039,-6.791502979,113.2282806,485.3786728
1362.71,32.94704121,3601.805379,-1.1029255,-2.55941617,109.4372865,460.7203259
1363.71,32.94787189,3581.66594,3.052520823,4.768766362,111.2879468,452.5922458
1364.71,32.9486908,3575.604119,-1.282528419,-4.166020523,114.009702,455.2535037
1365.71,32.94950892,3563.653938,-0.6280371748,-4.725442472,109.0788587,444.9795413
1366.71,32.9503338,3549.917308,5.41253517,0.9089013837,112.1088809,419.6460489
1367.71,32.95115426,3524.748268,13.11317261,-12.55637986,114.2604588,381.0519382
1368.71,32.95197489,3481.528389,0.7718182064,-9.957934282,109.5184087,326.5118629
1369.71,32.95281182,3440.597892,-0.7080179963,-3.079704549,115.2189529,279.7491221
1370.71,32.95365244,3411.861663,-0.3550035377,-3.604050488,110.8026687,244.9602868
1371.71,32.95449603,3399.002419,-4.675944944,7.149880016,111.2109501,226.2559892
1372.71,32.95532495,3404.153528,4.444594058,2.561663515,113.3255425,225.8582773
1373.71,32.95614175,3408.677037,7.527090447,-4.066609254,113.6789091,233.9337108
1374.71,32.95695499,3403.215752,8.955446073,-3.038229719,114.3325856,244.2318353
1375.71,32.95776463,3389.880044,7.93687533,-4.193914162,115.4223286,247.446801
1376.71,32.95857059,3374.640845,5.22869764,-2.257764707,113.5626183,248.8131534
1377.71,32.95937453,3361.632875,9.526911779,-0.8283251085,114.256388,254.7279722
1378.71,32.96017283,3351.573744,4.856520632,-2.119373549,115.5849144,262.0595133
1379.71,32.96096763,3342.573731,3.418493244,-0.5177482427,114.8977154,254.8279418
1380.71,32.96175986,3336.234761,3.343261486,0.06217351114,115.6298024,250.2543587
1381.71,32.96254723,3333.841659,-0.340408384,1.027113068,115.0612302,249.6210028
1382.71,32.96333229,3333.533577,-2.127170209,0.1772590437,115.1879165,250.7495591
1383.71,32.96411764,3331.342671,-2.033477303,-1.888051263,114.2783129,249.9900006
1384.71,32.96489812,3327.900959,5.377035261,0.6549978525,113.5850965,247.9598714
1385.71,32.9656876,3327.28336,1.827155644,1.097819294,115.1160083,248.7771105
1386.71,32.96646534,3327.103558,2.489905335,-1.27106416,113.6544229,249.9998406
1387.71,32.96724221,3327.02689,1.297396247,1.645317226,113.9724229,251.3265655
1388.71,32.96801453,3330.244875,0.7196487946,2.364069771,113.8613298,255.9321203
1389.71,32.96878094,3336.537249,-0.04814122433,1.756310681,112.7634316,263.3830591
1390.71,32.96954389,3344.0446,-1.631742438,2.245895759,112.1740477,269.0367565
1391.71,32.97030456,3351.463277,-3.982049805,0.978111904,111.3796148,275.1866418
1392.71,32.97106606,3357.746862,-5.589725218,1.04805112,109.9174284,280.3032715
1393.71,32.97182849,3366.394492,-5.253053668,4.837941237,108.3357546,287.7628896
1394.71,32.9725837,3382.686429,-3.759827893,6.938208612,107.3314982,302.8496441
1395.71,32.973325,3405.771757,-3.290956324,8.09239703,106.2050156,324.7309101
1396.71,32.97405097,3431.157014,-2.560940156,8.194960858,105.7279542,348.9226433
1397.71,32.97475991,3457.387635,-1.596819894,8.516005362,104.547718,373.9793501
1398.72,32.97546189,3463.484332,8.430331738,-6.36644195,104.9162341,379.2604159
1399.71,32.97616616,3443.051646,5.454208715,-18.70259816,105.7566957,358.1813135
1400.71,32.97688085,3401.843187,2.283360841,-12.49544091,106.8113588,316.3149561
1401.71,32.97761018,3357.067837,19.91005607,-4.84168418,106.9166804,270.8629285
1402.71,32.97833587,3326.828196,10.92294695,2.36770578,112.6377151,239.9484596
1403.71,32.97904063,3315.471934,-0.2903028099,3.40299832,109.9862425,227.928562
1404.71,32.97973191,3318.49964,-7.947070241,7.847959927,106.9038259,230.3067668
1405.71,32.98041246,3330.209552,-7.01502348,4.790913677,110.2937923,241.3735161
1406.71,32.9810873,3337.864063,-1.068362502,-5.107827624,108.1744802,248.3934286
1407.71,32.98176671,3326.804633,8.209448543,-12.86624847,108.619747,236.6914023
1408.71,32.98245474,3301.384981,4.859518231,-6.051976626,106.506828,210.6202419
1409.71,32.98315164,3278.375378,-0.8158702585,2.058314432,109.2203461,186.9437791
1410.71,32.98384027,3273.546281,-11.20505169,9.828422796,104.238652,182.6671193
1411.71,32.98448899,3294.469477,-2.786458701,23.97894832,102.4320669,202.8587888
1412.71,32.98506217,3342.995502,-14.00782494,31.58123744,100.2229925,249.1318878
1413.71,32.98554573,3403.849837,-11.92922762,30.26143316,105.9877337,307.4644173
1414.71,32.98598806,3458.560862,-3.52118834,8.388536103,98.86429714,359.4853306
1415.71,32.98643057,3493.663849,20.09666538,-6.022398492,90.52066099,393.9001416
1416.71,32.98688218,3510.331232,11.65376097,-1.183113629,87.27388276,407.6874077
1417.71,32.98734019,3517.481767,3.153425769,2.404643229,95.57554057,413.2680926
1418.71,32.98779564,3524.197558,-3.84460847,5.722379017,95.55067868,419.6412171
1419.71,32.98824175,3533.949267,-4.635463694,6.547669067,90.81853237,431.2896049
1420.71,32.98867723,3545.476418,-1.99339818,4.291557266,87.03610339,446.0362365
1421.71,32.98910595,3556.208765,-3.85819585,2.683405661,84.13554744,454.5236164
1422.71,32.9895301,3565.190603,-5.744205741,2.527067327,81.35255954,460.648894
1423.71,32.98994946,3571.54136,-6.547412081,1.623254007,76.95272927,465.2428362
1424.71,32.99036308,3575.04926,-7.88946101,0.9786266228,73.33893082,468.929372
1425.71,32.99077066,3575.816606,-7.514496431,-0.3568088154,72.40472486,468.5363958
1426.71,32.99117222,3575.262756,-12.09680204,1.600345552,67.25839589,466.8513949
1427.71,32.99156145,3575.076772,-1.231928244,4.67620065,63.61502272,465.5902608
1428.71,32.99193563,3577.067363,-5.5906093,7.541448358,62.19006085,466.5617019
1429.71,32.99228844,3582.060018,-5.760071416,8.757012856,61.52765544,470.5916622
1430.71,32.99261761,3589.3435,-2.428367251,10.57790884,58.51181273,476.9984883
1431.71,32.99292377,3598.163696,0.5736692959,11.8219817,54.81347703,484.9986181
1432.71,32.99320742,3607.488935,-2.78661793,11.79709249,52.50767347,493.5703628
1433.71,32.99346958,3616.175079,3.801981259,10.97974339,51.36792663,501.5561053
1434.71,32.99371591,3623.432646,-1.291234456,10.60237373,49.07747734,508.1599545
1435.71,32.99394338,3629.628135,-5.8927726,11.40208643,45.33234801,513.7419904
1436.71,32.99414857,3634.556405,1.706712835,7.359661166,43.09137319,518.1266921
1437.71,32.99434381,3636.410622,0.4201787236,3.207793648,39.42006113,519.4641071
1438.72,32.99453523,3634.606114,7.534671956,4.369047896,34.11003985,517.1493428
1439.71,32.99472778,3629.54687,7.557751166,9.311711301,28.4864719,511.5766573
1440.71,32.99491584,3623.027274,0.4704372299,11.14478296,29.37850143,504.5301496
1441.71,32.99509254,3616.397459,5.002166732,2.874664618,36.89673312,497.4169187
1442.71,32.99527084,3608.138657,-1.538868407,-0.8509686797,35.17554253,488.651066
1443.71,32.99545022,3597.501113,6.778441522,7.517973852,27.10154688,477.5166964
1444.71,32.99562616,3586.481345,3.359316485,12.97725526,23.29682586,466.6797517
1445.71,32.99579005,3576.027694,0.5259417483,10.50134413,29.7396067,456.4485044
1446.71,32.99593878,3566.743506,-7.167420369,5.880228958,39.58774911,448.0363266
1447.71,32.99607051,3558.200537,-10.47790719,-0.3658683677,46.27039936,439.1817464
1448.71,32.99619407,3548.330326,-1.5107133,-5.276498719,40.48064266,429.0351449
1449.71,32.9963238,3535.470338,10.27960375,-6.932840083,26.26415544,415.9032672
1450.71,32.99646853,3519.393828,6.889373613,-15.16512195,17.27833979,399.5388043
1451.71,32.99662419,3499.572603,-2.598713023,-20.92393277,17.20077445,379.4324778
1452.71,32.99678175,3476.388394,-5.183862571,-21.49817751,19.87995543,356.0029581
1453.71,32.99693898,3450.503773,-5.044965978,-15.12559223,17.77811498,329.9268513
1454.71,32.99709161,3424.694963,-2.4944536,-11.48440216,20.31641818,303.9728488
1455.71,32.99724292,3399.252949,-6.221265426,-19.28054315,25.15685542,278.4341951
1456.71,32.99740022,3368.86321,3.003803859,-23.06340586,22.49425302,247.9678794
1457.71,32.99757332,3331.506908,11.02683071,-18.11469987,17.38788749,210.5370628
1458.71,32.99776421,3292.720165,3.865135323,-11.13455048,20.25795859,171.6793693
1459.71,32.99796751,3258.179754,0.1793351144,-9.585769226,27.48538302,137.0776082
1460.71,32.99818301,3230.618836,2.066046847,-3.630146506,26.87019301,109.4417084
1461.71,32.9984044,3212.157318,6.030150756,1.333619302,26.66044302,90.91033277
1462.71,32.99863294,3203.863737,9.916072906,7.210654612,29.31885339,82.52433199
1463.71,32.99886981,3206.09613,8.343491859,13.6759247,32.10174567,84.62706509
1464.71,32.99909903,3219.040292,1.240203551,23.09349455,32.11391023,97.40586172
1465.71,32.99930596,3238.319441,-0.6095790689,17.7104722,35.30608793,116.5248877
1466.71,32.99949255,3255.045018,1.636999976,22.62862675,27.00619573,133.0986794
1467.71,32.99965396,3265.712349,9.398284803,26.31698183,36.08195986,143.6436564
1468.71,32.99980546,3268.691705,0.6968378304,7.232198737,39.83780575,146.4834865
1469.71,32.99995438,3258.059449,-11.63144247,-4.882322525,36.10260069,135.7034168
1470.71,33.00010096,3235.590328,8.723588471,5.46772694,21.00557231,113.1042373
1471.71,33.00024282,3208.170667,8.235492054,11.77138195,24.30180794,85.56495046
1472.71,33.00038362,3185.188753,-3.485799209,5.445823804,35.74986581,62.43223718
1473.71,33.00051538,3167.697341,0.8464899432,11.50017563,38.76283643,44.80418166
1474.71,33.0006316,3156.71388,-5.891026206,10.94160959,34.11746085,33.69310844
1475.71,33.00073933,3150.041828,15.40670062,8.906297739,16.49928841,26.88787761
1476.71,33.00085339,3142.811888,2.847918238,7.734943348,4.358219912,19.49786847
1477.71,33.00097777,3135.180328,0.5974147154,14.0960061,347.2872521,11.66434759
1478.71,33.00110634,3130.898386,9.410720016,-5.849615196,324.866719,7.156438278
1479.71,33.00121499,3129.592579,0.848738783,-0.350342654,279.540245,5.682930633
1480.71,33.001287,3129.735938,0.5237709221,-0.5162275651,226.588097,5.736352622
1481.71,33.00132261,3129.873708,-0.1148840086,-0.831555201,159.9308602,5.837818254
1482.71,33.00135469,3129.902539,-0.07696170445,-1.043207555,106.5637372,5.802971337
1483.71,33.001389,3129.899626,-0.4079471354,-0.2489287256,111.4242227,5.746845039
1484.71,33.0014042,3129.967591,-0.1049471573,-0.5414248266,103.4605363,5.786270716
1485.71,33.00140633,3129.886569,0.132359221,0.1174670741,91.92872498,5.695778134
1486.71,33.00140635,3129.880025,0.07774178009,0.2128951822,91.22923848,5.688841373
1487.71,33.00140635,3129.880004,0.07837015083,0.2143424219,91.21525025,5.688813651
1488.71,33.00140635,3129.880018,0.07960981682,0.2111909166,91.21694414,5.688829071
1489.72,33.00140635,3129.880013,0.08052336796,0.210135719,91.21711489,5.688822361
1490.72,33.00140635,3129.880013,0.08137201897,0.2101147215,91.21723784,5.688822776
1491.71,33.00140635,3129.880014,0.08174257674,0.2095032062,91.21736078,5.688824125
1492.71,33.00140635,3129.880006,0.08271757957,0.2090373259,91.2174564,5.688813879
1493.71,33.00140635,3129.879988,0.08382066846,0.2097438903,91.21759984,5.688794942
1494.71,33.00140635,3129.879996,0.08364819285,0.2088483084,91.21768863,5.688805406
1495.71,33.00140635,3129.87999,0.08486568741,0.2092044521,91.2176818,5.688795524
1496.71,33.00140635,3129.879988,0.08479569131,0.2088244695,91.21772278,5.688794235
